home_team,away_team,home_play,second,home_score,away_play,half,away_score,minute
NOTRE DAME,LOYOLA CHICAGO,GOOD! 3 PTR by V.J. Beachem,33,3,,1,0,19
NOTRE DAME,LOYOLA CHICAGO,ASSIST by Demetrius Jackson,33,3,,1,0,19
NOTRE DAME,LOYOLA CHICAGO,,20,3,GOOD! 3 PTR by Milton Doyle,1,3,19
NOTRE DAME,LOYOLA CHICAGO,,56,3,FOUL by Ben Richardson (P1T1),1,3,18
NOTRE DAME,LOYOLA CHICAGO,MISSED 3 PTR by V.J. Beachem,39,3,REBOUND (DEF) by Maurice Kirby,1,3,18
NOTRE DAME,LOYOLA CHICAGO,REBOUND (DEF) by Demetrius Jackson,26,3,MISSED LAYUP by Milton Doyle,1,3,18
NOTRE DAME,LOYOLA CHICAGO,GOOD! LAYUP by Zach Auguste [PNT],7,5,,1,3,18
NOTRE DAME,LOYOLA CHICAGO,,4,5,SUB IN : Jeff White,1,3,18
NOTRE DAME,LOYOLA CHICAGO,,4,5,SUB OUT: Milton Doyle,1,3,18
NOTRE DAME,LOYOLA CHICAGO,BLOCK by Steve Vasturia,53,5,MISSED LAYUP by Earl Peterson,1,3,17
NOTRE DAME,LOYOLA CHICAGO,,53,5,REBOUND (OFF) by (TEAM),1,3,17
NOTRE DAME,LOYOLA CHICAGO,REBOUND (DEF) by Zach Auguste,48,5,MISSED JUMPER by Jeff White,1,3,17
NOTRE DAME,LOYOLA CHICAGO,GOOD! FT SHOT by Bonzie Colson,22,6,FOUL by Devon Turk (P1T2),1,3,17
NOTRE DAME,LOYOLA CHICAGO,GOOD! FT SHOT by Bonzie Colson,22,7,,1,3,17
NOTRE DAME,LOYOLA CHICAGO,,22,7,SUB IN : Donte Ingram,1,3,17
NOTRE DAME,LOYOLA CHICAGO,,22,7,SUB IN : Julius Rajala,1,3,17
NOTRE DAME,LOYOLA CHICAGO,,22,7,SUB OUT: Maurice Kirby,1,3,17
NOTRE DAME,LOYOLA CHICAGO,,22,7,SUB OUT: Ben Richardson,1,3,17
NOTRE DAME,LOYOLA CHICAGO,,10,7,GOOD! 3 PTR by Devon Turk,1,6,17
NOTRE DAME,LOYOLA CHICAGO,,10,7,ASSIST by Julius Rajala,1,6,17
NOTRE DAME,LOYOLA CHICAGO,GOOD! FT SHOT by Bonzie Colson,41,8,FOUL by Donte Ingram (P1T3),1,6,16
NOTRE DAME,LOYOLA CHICAGO,GOOD! FT SHOT by Bonzie Colson,41,9,,1,6,16
NOTRE DAME,LOYOLA CHICAGO,,41,9,SUB IN : Milton Doyle,1,6,16
NOTRE DAME,LOYOLA CHICAGO,,41,9,SUB OUT: Jeff White,1,6,16
NOTRE DAME,LOYOLA CHICAGO,,17,9,MISSED 3 PTR by Donte Ingram,1,6,16
NOTRE DAME,LOYOLA CHICAGO,,17,9,REBOUND (OFF) by Julius Rajala,1,6,16
NOTRE DAME,LOYOLA CHICAGO,,2,9,GOOD! JUMPER by Devon Turk,1,8,16
NOTRE DAME,LOYOLA CHICAGO,GOOD! LAYUP by Zach Auguste [PNT],38,11,,1,8,15
NOTRE DAME,LOYOLA CHICAGO,REBOUND (DEF) by Bonzie Colson,16,11,MISSED JUMPER by Earl Peterson,1,8,15
NOTRE DAME,LOYOLA CHICAGO,MISSED 3 PTR by Steve Vasturia,59,11,REBOUND (DEF) by Milton Doyle,1,8,14
NOTRE DAME,LOYOLA CHICAGO,,51,11,GOOD! 3 PTR by Earl Peterson,1,11,14
NOTRE DAME,LOYOLA CHICAGO,,51,11,ASSIST by Milton Doyle,1,11,14
NOTRE DAME,LOYOLA CHICAGO,,38,11,FOUL by Milton Doyle (P1T4),1,11,14
NOTRE DAME,LOYOLA CHICAGO,TIMEOUT MEDIA,38,11,,1,11,14
NOTRE DAME,LOYOLA CHICAGO,SUB IN : Matt Ryan,38,11,SUB IN : Maurice Kirby,1,11,14
NOTRE DAME,LOYOLA CHICAGO,SUB OUT: Bonzie Colson,38,11,SUB IN : Tyson Smith,1,11,14
NOTRE DAME,LOYOLA CHICAGO,,38,11,SUB IN : Ben Richardson,1,11,14
NOTRE DAME,LOYOLA CHICAGO,,38,11,SUB OUT: Donte Ingram,1,11,14
NOTRE DAME,LOYOLA CHICAGO,,38,11,SUB OUT: Julius Rajala,1,11,14
NOTRE DAME,LOYOLA CHICAGO,,38,11,SUB OUT: Earl Peterson,1,11,14
NOTRE DAME,LOYOLA CHICAGO,,37,11,FOUL by Devon Turk (P2T5),1,11,14
NOTRE DAME,LOYOLA CHICAGO,,37,11,SUB IN : Earl Peterson,1,11,14
NOTRE DAME,LOYOLA CHICAGO,,37,11,SUB OUT: Devon Turk,1,11,14
NOTRE DAME,LOYOLA CHICAGO,GOOD! 3 PTR by Matt Ryan,23,14,,1,11,14
NOTRE DAME,LOYOLA CHICAGO,ASSIST by Demetrius Jackson,23,14,,1,11,14
NOTRE DAME,LOYOLA CHICAGO,FOUL by Steve Vasturia (P1T1),57,14,,1,11,13
NOTRE DAME,LOYOLA CHICAGO,FOUL by V.J. Beachem (P1T2),46,14,,1,11,13
NOTRE DAME,LOYOLA CHICAGO,SUB IN : Matt Farrell,46,14,,1,11,13
NOTRE DAME,LOYOLA CHICAGO,SUB IN : Bonzie Colson,46,14,,1,11,13
NOTRE DAME,LOYOLA CHICAGO,SUB OUT: Zach Auguste,46,14,,1,11,13
NOTRE DAME,LOYOLA CHICAGO,SUB OUT: V.J. Beachem,46,14,,1,11,13
NOTRE DAME,LOYOLA CHICAGO,REBOUND (DEF) by Matt Farrell,30,14,MISSED 3 PTR by Milton Doyle,1,11,13
NOTRE DAME,LOYOLA CHICAGO,GOOD! LAYUP by Steve Vasturia [PNT],13,16,,1,11,13
NOTRE DAME,LOYOLA CHICAGO,ASSIST by Bonzie Colson,13,16,,1,11,13
NOTRE DAME,LOYOLA CHICAGO,,51,16,GOOD! LAYUP by Maurice Kirby [PNT],1,13,12
NOTRE DAME,LOYOLA CHICAGO,,51,16,ASSIST by Milton Doyle,1,13,12
NOTRE DAME,LOYOLA CHICAGO,TURNOVR by Bonzie Colson,28,16,,1,13,12
NOTRE DAME,LOYOLA CHICAGO,,27,16,STEAL by Milton Doyle,1,13,12
NOTRE DAME,LOYOLA CHICAGO,REBOUND (DEF) by Matt Ryan,25,16,MISSED JUMPER by Milton Doyle,1,13,12
NOTRE DAME,LOYOLA CHICAGO,,1,16,FOUL by Maurice Kirby (P1T6),1,13,12
NOTRE DAME,LOYOLA CHICAGO,SUB IN : Austin Torres,1,16,SUB IN : Julius Rajala,1,13,12
NOTRE DAME,LOYOLA CHICAGO,SUB OUT: Bonzie Colson,1,16,SUB IN : Jeff White,1,13,12
NOTRE DAME,LOYOLA CHICAGO,,1,16,SUB OUT: Milton Doyle,1,13,12
NOTRE DAME,LOYOLA CHICAGO,,1,16,SUB OUT: Maurice Kirby,1,13,12
NOTRE DAME,LOYOLA CHICAGO,GOOD! LAYUP by Demetrius Jackson [PNT],59,18,,1,13,11
NOTRE DAME,LOYOLA CHICAGO,ASSIST by Steve Vasturia,59,18,,1,13,11
NOTRE DAME,LOYOLA CHICAGO,FOUL by Austin Torres (P1T3),44,18,,1,13,11
NOTRE DAME,LOYOLA CHICAGO,,44,18,TIMEOUT MEDIA,1,13,11
NOTRE DAME,LOYOLA CHICAGO,,44,18,SUB IN : Donte Ingram,1,13,11
NOTRE DAME,LOYOLA CHICAGO,,44,18,SUB OUT: Ben Richardson,1,13,11
NOTRE DAME,LOYOLA CHICAGO,,34,18,GOOD! 3 PTR by Tyson Smith,1,16,11
NOTRE DAME,LOYOLA CHICAGO,,34,18,ASSIST by Earl Peterson,1,16,11
NOTRE DAME,LOYOLA CHICAGO,GOOD! FT SHOT by Matt Farrell,16,19,FOUL by Tyson Smith (P1T7),1,16,11
NOTRE DAME,LOYOLA CHICAGO,GOOD! FT SHOT by Matt Farrell,16,20,,1,16,11
NOTRE DAME,LOYOLA CHICAGO,SUB IN : Zach Auguste,16,20,SUB IN : Milton Doyle,1,16,11
NOTRE DAME,LOYOLA CHICAGO,SUB IN : V.J. Beachem,16,20,SUB OUT: Jeff White,1,16,11
NOTRE DAME,LOYOLA CHICAGO,SUB IN : Bonzie Colson,16,20,,1,16,11
NOTRE DAME,LOYOLA CHICAGO,SUB OUT: Steve Vasturia,16,20,,1,16,11
NOTRE DAME,LOYOLA CHICAGO,SUB OUT: Austin Torres,16,20,,1,16,11
NOTRE DAME,LOYOLA CHICAGO,SUB OUT: Matt Ryan,16,20,,1,16,11
NOTRE DAME,LOYOLA CHICAGO,BLOCK by Bonzie Colson,59,20,MISSED JUMPER by Donte Ingram,1,16,10
NOTRE DAME,LOYOLA CHICAGO,REBOUND (DEF) by Bonzie Colson,56,20,,1,16,10
NOTRE DAME,LOYOLA CHICAGO,MISSED JUMPER by Bonzie Colson,35,20,REBOUND (DEF) by Donte Ingram,1,16,10
NOTRE DAME,LOYOLA CHICAGO,REBOUND (DEF) by V.J. Beachem,27,20,MISSED 3 PTR by Earl Peterson,1,16,10
NOTRE DAME,LOYOLA CHICAGO,GOOD! 3 PTR by Demetrius Jackson,11,23,,1,16,10
NOTRE DAME,LOYOLA CHICAGO,ASSIST by Zach Auguste,11,23,,1,16,10
NOTRE DAME,LOYOLA CHICAGO,,10,23,TIMEOUT 30sec,1,16,10
NOTRE DAME,LOYOLA CHICAGO,SUB IN : Steve Vasturia,10,23,SUB IN : Devon Turk,1,16,10
NOTRE DAME,LOYOLA CHICAGO,SUB OUT: Demetrius Jackson,10,23,SUB IN : Maurice Kirby,1,16,10
NOTRE DAME,LOYOLA CHICAGO,,10,23,SUB OUT: Earl Peterson,1,16,10
NOTRE DAME,LOYOLA CHICAGO,,10,23,SUB OUT: Julius Rajala,1,16,10
NOTRE DAME,LOYOLA CHICAGO,REBOUND (DEF) by Bonzie Colson,50,23,MISSED LAYUP by Tyson Smith,1,16,9
NOTRE DAME,LOYOLA CHICAGO,MISSED LAYUP by Zach Auguste,36,23,REBOUND (DEF) by Tyson Smith,1,16,9
NOTRE DAME,LOYOLA CHICAGO,REBOUND (DEF) by V.J. Beachem,26,23,MISSED JUMPER by Donte Ingram,1,16,9
NOTRE DAME,LOYOLA CHICAGO,TURNOVR by Zach Auguste,54,23,STEAL by Tyson Smith,1,16,8
NOTRE DAME,LOYOLA CHICAGO,,50,23,GOOD! LAYUP by Milton Doyle [PNT],1,18,8
NOTRE DAME,LOYOLA CHICAGO,GOOD! FT SHOT by Steve Vasturia,35,24,FOUL by Maurice Kirby (P2T8),1,18,8
NOTRE DAME,LOYOLA CHICAGO,GOOD! FT SHOT by Steve Vasturia,35,25,,1,18,8
NOTRE DAME,LOYOLA CHICAGO,SUB IN : Demetrius Jackson,35,25,SUB IN : Jeff White,1,18,8
NOTRE DAME,LOYOLA CHICAGO,SUB OUT: Matt Farrell,35,25,SUB IN : Ben Richardson,1,18,8
NOTRE DAME,LOYOLA CHICAGO,,35,25,SUB IN : Julius Rajala,1,18,8
NOTRE DAME,LOYOLA CHICAGO,,35,25,SUB OUT: Maurice Kirby,1,18,8
NOTRE DAME,LOYOLA CHICAGO,,35,25,SUB OUT: Donte Ingram,1,18,8
NOTRE DAME,LOYOLA CHICAGO,,35,25,SUB OUT: Tyson Smith,1,18,8
NOTRE DAME,LOYOLA CHICAGO,REBOUND (DEF) by Zach Auguste,20,25,MISSED 3 PTR by Devon Turk,1,18,8
NOTRE DAME,LOYOLA CHICAGO,MISSED LAYUP by Zach Auguste,1,25,REBOUND (DEF) by Jeff White,1,18,8
NOTRE DAME,LOYOLA CHICAGO,REBOUND (DEF) by V.J. Beachem,54,25,MISSED JUMPER by Ben Richardson,1,18,7
NOTRE DAME,LOYOLA CHICAGO,TURNOVR by V.J. Beachem,32,25,,1,18,7
NOTRE DAME,LOYOLA CHICAGO,,31,25,STEAL by Jeff White,1,18,7
NOTRE DAME,LOYOLA CHICAGO,,16,25,GOOD! LAYUP by Julius Rajala [PNT],1,20,7
NOTRE DAME,LOYOLA CHICAGO,,16,25,ASSIST by Milton Doyle,1,20,7
NOTRE DAME,LOYOLA CHICAGO,MISSED 3 PTR by Demetrius Jackson,51,25,REBOUND (DEF) by Devon Turk,1,20,6
NOTRE DAME,LOYOLA CHICAGO,,27,25,GOOD! 3 PTR by Ben Richardson,1,23,6
NOTRE DAME,LOYOLA CHICAGO,,27,25,ASSIST by Milton Doyle,1,23,6
NOTRE DAME,LOYOLA CHICAGO,TIMEOUT TEAM,19,25,,1,23,6
NOTRE DAME,LOYOLA CHICAGO,SUB IN : Matt Farrell,19,25,SUB IN : Earl Peterson,1,23,6
NOTRE DAME,LOYOLA CHICAGO,SUB IN : Matt Ryan,19,25,SUB IN : Pernell Adgei,1,23,6
NOTRE DAME,LOYOLA CHICAGO,SUB OUT: V.J. Beachem,19,25,SUB OUT: Devon Turk,1,23,6
NOTRE DAME,LOYOLA CHICAGO,SUB OUT: Bonzie Colson,19,25,SUB OUT: Julius Rajala,1,23,6
NOTRE DAME,LOYOLA CHICAGO,MISSED 3 PTR by Matt Ryan,0,25,REBOUND (DEF) by Pernell Adgei,1,23,6
NOTRE DAME,LOYOLA CHICAGO,,38,25,GOOD! DUNK by Earl Peterson [PNT],1,25,5
NOTRE DAME,LOYOLA CHICAGO,,38,25,ASSIST by Milton Doyle,1,25,5
NOTRE DAME,LOYOLA CHICAGO,MISSED LAYUP by Steve Vasturia,20,25,,1,25,5
NOTRE DAME,LOYOLA CHICAGO,REBOUND (OFF) by Zach Auguste,20,25,,1,25,5
NOTRE DAME,LOYOLA CHICAGO,MISSED TIP-IN by Zach Auguste,18,25,REBOUND (DEF) by (TEAM),1,25,5
NOTRE DAME,LOYOLA CHICAGO,FOUL by Zach Auguste (P1T4),18,25,,1,25,5
NOTRE DAME,LOYOLA CHICAGO,SUB IN : V.J. Beachem,18,25,,1,25,5
NOTRE DAME,LOYOLA CHICAGO,SUB IN : Bonzie Colson,18,25,,1,25,5
NOTRE DAME,LOYOLA CHICAGO,SUB OUT: Zach Auguste,18,25,,1,25,5
NOTRE DAME,LOYOLA CHICAGO,SUB OUT: Matt Farrell,18,25,,1,25,5
NOTRE DAME,LOYOLA CHICAGO,REBOUND (DEF) by Steve Vasturia,47,25,MISSED 3 PTR by Milton Doyle,1,25,4
NOTRE DAME,LOYOLA CHICAGO,GOOD! 3 PTR by V.J. Beachem,47,28,,1,25,4
NOTRE DAME,LOYOLA CHICAGO,ASSIST by Steve Vasturia,40,28,,1,25,4
NOTRE DAME,LOYOLA CHICAGO,,20,28,TURNOVR by Earl Peterson,1,25,4
NOTRE DAME,LOYOLA CHICAGO,STEAL by Demetrius Jackson,19,28,,1,25,4
NOTRE DAME,LOYOLA CHICAGO,GOOD! 3 PTR by Steve Vasturia,10,31,,1,25,4
NOTRE DAME,LOYOLA CHICAGO,ASSIST by Bonzie Colson,10,31,,1,25,4
NOTRE DAME,LOYOLA CHICAGO,,48,31,TURNOVR by Pernell Adgei,1,25,3
NOTRE DAME,LOYOLA CHICAGO,STEAL by Matt Ryan,45,31,,1,25,3
NOTRE DAME,LOYOLA CHICAGO,GOOD! DUNK by Bonzie Colson [FB/PNT],45,33,,1,25,3
NOTRE DAME,LOYOLA CHICAGO,ASSIST by Matt Ryan,44,33,,1,25,3
NOTRE DAME,LOYOLA CHICAGO,,44,33,SUB IN : Tyson Smith,1,25,3
NOTRE DAME,LOYOLA CHICAGO,,44,33,SUB IN : Donte Ingram,1,25,3
NOTRE DAME,LOYOLA CHICAGO,,44,33,SUB OUT: Ben Richardson,1,25,3
NOTRE DAME,LOYOLA CHICAGO,,44,33,SUB OUT: Pernell Adgei,1,25,3
NOTRE DAME,LOYOLA CHICAGO,,18,33,GOOD! JUMPER by Donte Ingram [PNT],1,27,3
NOTRE DAME,LOYOLA CHICAGO,,18,33,ASSIST by Milton Doyle,1,27,3
NOTRE DAME,LOYOLA CHICAGO,GOOD! LAYUP by Bonzie Colson [PNT],3,35,,1,27,3
NOTRE DAME,LOYOLA CHICAGO,ASSIST by V.J. Beachem,3,35,,1,27,3
NOTRE DAME,LOYOLA CHICAGO,REBOUND (DEF) by Steve Vasturia,46,35,MISSED 3 PTR by Milton Doyle,1,27,2
NOTRE DAME,LOYOLA CHICAGO,MISSED 3 PTR by V.J. Beachem,34,35,REBOUND (DEF) by (TEAM),1,27,2
NOTRE DAME,LOYOLA CHICAGO,FOUL by Demetrius Jackson (P1T5),17,35,,1,27,2
NOTRE DAME,LOYOLA CHICAGO,REBOUND (DEF) by Steve Vasturia,59,35,MISSED JUMPER by Donte Ingram,1,27,1
NOTRE DAME,LOYOLA CHICAGO,GOOD! LAYUP by Matt Ryan [PNT],44,37,,1,27,1
NOTRE DAME,LOYOLA CHICAGO,ASSIST by Bonzie Colson,44,37,,1,27,1
NOTRE DAME,LOYOLA CHICAGO,,20,37,GOOD! 3 PTR by Tyson Smith,1,30,1
NOTRE DAME,LOYOLA CHICAGO,,20,37,ASSIST by Milton Doyle,1,30,1
NOTRE DAME,LOYOLA CHICAGO,GOOD! JUMPER by Bonzie Colson,58,39,,1,30,0
NOTRE DAME,LOYOLA CHICAGO,,58,39,FOUL by Donte Ingram (P2T9),1,30,0
NOTRE DAME,LOYOLA CHICAGO,GOOD! FT SHOT by Bonzie Colson,57,40,,1,30,0
NOTRE DAME,LOYOLA CHICAGO,,57,40,TURNOVR by Devon Turk,1,30,0
NOTRE DAME,LOYOLA CHICAGO,SUB IN : Zach Auguste,57,40,SUB IN : Devon Turk,1,30,0
NOTRE DAME,LOYOLA CHICAGO,SUB OUT: Bonzie Colson,57,40,SUB IN : Ben Richardson,1,30,0
NOTRE DAME,LOYOLA CHICAGO,,57,40,SUB IN : Julius Rajala,1,30,0
NOTRE DAME,LOYOLA CHICAGO,,57,40,SUB OUT: Jeff White,1,30,0
NOTRE DAME,LOYOLA CHICAGO,,57,40,SUB OUT: Donte Ingram,1,30,0
NOTRE DAME,LOYOLA CHICAGO,REBOUND (DEF) by Matt Ryan,36,40,MISSED JUMPER by Milton Doyle,1,30,0
NOTRE DAME,LOYOLA CHICAGO,TURNOVR by Demetrius Jackson,26,40,STEAL by Earl Peterson,1,30,0
NOTRE DAME,LOYOLA CHICAGO,,21,40,GOOD! JUMPER by Earl Peterson,1,32,0
NOTRE DAME,LOYOLA CHICAGO,FOUL by Demetrius Jackson (P2T6),21,40,MISSED FT SHOT by Earl Peterson,1,32,0
NOTRE DAME,LOYOLA CHICAGO,,21,40,REBOUND (OFF) by Earl Peterson,1,32,0
NOTRE DAME,LOYOLA CHICAGO,SUB IN : Matt Farrell,21,40,SUB IN : Pernell Adgei,1,32,0
NOTRE DAME,LOYOLA CHICAGO,SUB OUT: Demetrius Jackson,21,40,SUB IN : Jeff White,1,32,0
NOTRE DAME,LOYOLA CHICAGO,,21,40,SUB IN : Donte Ingram,1,32,0
NOTRE DAME,LOYOLA CHICAGO,,21,40,SUB OUT: Julius Rajala,1,32,0
NOTRE DAME,LOYOLA CHICAGO,,21,40,SUB OUT: Milton Doyle,1,32,0
NOTRE DAME,LOYOLA CHICAGO,,21,40,SUB OUT: Tyson Smith,1,32,0
NOTRE DAME,LOYOLA CHICAGO,,1,40,GOOD! JUMPER by Ben Richardson,1,34,0
NOTRE DAME,LOYOLA CHICAGO,FOUL by Steve Vasturia (P2T1),51,40,,2,34,19
NOTRE DAME,LOYOLA CHICAGO,,36,40,TURNOVR by Milton Doyle,2,34,19
NOTRE DAME,LOYOLA CHICAGO,STEAL by Zach Auguste,35,40,,2,34,19
NOTRE DAME,LOYOLA CHICAGO,,25,40,FOUL by Maurice Kirby (P3T1),2,34,19
NOTRE DAME,LOYOLA CHICAGO,,25,40,SUB IN : Julius Rajala,2,34,19
NOTRE DAME,LOYOLA CHICAGO,,25,40,SUB OUT: Maurice Kirby,2,34,19
NOTRE DAME,LOYOLA CHICAGO,,24,40,FOUL by Ben Richardson (P2T2),2,34,19
NOTRE DAME,LOYOLA CHICAGO,TURNOVR by Zach Auguste,0,40,,2,34,19
NOTRE DAME,LOYOLA CHICAGO,,59,40,STEAL by Ben Richardson,2,34,18
NOTRE DAME,LOYOLA CHICAGO,,53,40,GOOD! LAYUP by Julius Rajala [PNT],2,36,18
NOTRE DAME,LOYOLA CHICAGO,,53,40,ASSIST by Milton Doyle,2,36,18
NOTRE DAME,LOYOLA CHICAGO,MISSED LAYUP by Demetrius Jackson,34,40,REBOUND (DEF) by Ben Richardson,2,36,18
NOTRE DAME,LOYOLA CHICAGO,,23,40,GOOD! LAYUP by Ben Richardson [PNT],2,38,18
NOTRE DAME,LOYOLA CHICAGO,GOOD! 3 PTR by Steve Vasturia,0,43,,2,38,18
NOTRE DAME,LOYOLA CHICAGO,ASSIST by V.J. Beachem,0,43,,2,38,18
NOTRE DAME,LOYOLA CHICAGO,,32,43,TURNOVR by Milton Doyle,2,38,17
NOTRE DAME,LOYOLA CHICAGO,STEAL by Demetrius Jackson,31,43,,2,38,17
NOTRE DAME,LOYOLA CHICAGO,GOOD! LAYUP by Demetrius Jackson [FB/PNT],29,45,,2,38,17
NOTRE DAME,LOYOLA CHICAGO,,29,45,SUB IN : Tyson Smith,2,38,17
NOTRE DAME,LOYOLA CHICAGO,,29,45,SUB OUT: Milton Doyle,2,38,17
NOTRE DAME,LOYOLA CHICAGO,REBOUND (DEF) by V.J. Beachem,8,45,MISSED 3 PTR by Devon Turk,2,38,17
NOTRE DAME,LOYOLA CHICAGO,MISSED 3 PTR by V.J. Beachem,45,45,REBOUND (DEF) by Devon Turk,2,38,16
NOTRE DAME,LOYOLA CHICAGO,BLOCK by V.J. Beachem,33,45,MISSED LAYUP by Julius Rajala,2,38,16
NOTRE DAME,LOYOLA CHICAGO,REBOUND (DEF) by Bonzie Colson,29,45,,2,38,16
NOTRE DAME,LOYOLA CHICAGO,,13,45,FOUL by Julius Rajala (P1T3),2,38,16
NOTRE DAME,LOYOLA CHICAGO,,13,45,SUB IN : Donte Ingram,2,38,16
NOTRE DAME,LOYOLA CHICAGO,,13,45,SUB OUT: Julius Rajala,2,38,16
NOTRE DAME,LOYOLA CHICAGO,MISSED JUMPER by V.J. Beachem,9,45,,2,38,16
NOTRE DAME,LOYOLA CHICAGO,REBOUND (OFF) by Bonzie Colson,9,45,,2,38,16
NOTRE DAME,LOYOLA CHICAGO,GOOD! TIP-IN by Bonzie Colson [PNT],5,47,,2,38,16
NOTRE DAME,LOYOLA CHICAGO,,44,47,TURNOVR by Tyson Smith,2,38,15
NOTRE DAME,LOYOLA CHICAGO,STEAL by Zach Auguste,42,47,,2,38,15
NOTRE DAME,LOYOLA CHICAGO,GOOD! LAYUP by V.J. Beachem [PNT],39,49,,2,38,15
NOTRE DAME,LOYOLA CHICAGO,ASSIST by Demetrius Jackson,39,49,,2,38,15
NOTRE DAME,LOYOLA CHICAGO,REBOUND (DEF) by Zach Auguste,16,49,MISSED JUMPER by Earl Peterson,2,38,15
NOTRE DAME,LOYOLA CHICAGO,MISSED 3 PTR by Demetrius Jackson,49,49,REBOUND (DEF) by Donte Ingram,2,38,14
NOTRE DAME,LOYOLA CHICAGO,,39,49,TURNOVR by Devon Turk,2,38,14
NOTRE DAME,LOYOLA CHICAGO,STEAL by Bonzie Colson,30,49,,2,38,14
NOTRE DAME,LOYOLA CHICAGO,SUB IN : Matt Farrell,10,49,SUB IN : Jeff White,2,38,14
NOTRE DAME,LOYOLA CHICAGO,SUB IN : Matt Ryan,10,49,SUB IN : Milton Doyle,2,38,14
NOTRE DAME,LOYOLA CHICAGO,SUB OUT: Zach Auguste,10,49,SUB IN : Julius Rajala,2,38,14
NOTRE DAME,LOYOLA CHICAGO,SUB OUT: V.J. Beachem,10,49,SUB OUT: Ben Richardson,2,38,14
NOTRE DAME,LOYOLA CHICAGO,,10,49,SUB OUT: Donte Ingram,2,38,14
NOTRE DAME,LOYOLA CHICAGO,,10,49,SUB OUT: Earl Peterson,2,38,14
NOTRE DAME,LOYOLA CHICAGO,MISSED 3 PTR by Steve Vasturia,9,49,BLOCK by Earl Peterson,2,38,14
NOTRE DAME,LOYOLA CHICAGO,REBOUND (OFF) by Demetrius Jackson,9,49,,2,38,14
NOTRE DAME,LOYOLA CHICAGO,TURNOVR by (TEAM),9,49,,2,38,14
NOTRE DAME,LOYOLA CHICAGO,,9,49,TIMEOUT media,2,38,14
NOTRE DAME,LOYOLA CHICAGO,REBOUND (DEF) by Matt Ryan,40,49,MISSED 3 PTR by Milton Doyle,2,38,13
NOTRE DAME,LOYOLA CHICAGO,,22,49,FOUL by Julius Rajala (P2T4),2,38,13
NOTRE DAME,LOYOLA CHICAGO,MISSED FT SHOT by Bonzie Colson,22,49,FOUL TECHNCL by the bench,2,38,13
NOTRE DAME,LOYOLA CHICAGO,REBOUND (OFF) by (DEADBALL),22,49,,2,38,13
NOTRE DAME,LOYOLA CHICAGO,MISSED FT SHOT by Bonzie Colson,22,49,,2,38,13
NOTRE DAME,LOYOLA CHICAGO,REBOUND (OFF) by (DEADBALL),22,49,,2,38,13
NOTRE DAME,LOYOLA CHICAGO,MISSED FT SHOT by Bonzie Colson,22,49,,2,38,13
NOTRE DAME,LOYOLA CHICAGO,REBOUND (OFF) by (DEADBALL),22,49,,2,38,13
NOTRE DAME,LOYOLA CHICAGO,GOOD! FT SHOT by Bonzie Colson,22,50,,2,38,13
NOTRE DAME,LOYOLA CHICAGO,,55,50,GOOD! 3 PTR by Tyson Smith,2,41,12
NOTRE DAME,LOYOLA CHICAGO,,55,50,ASSIST by Julius Rajala,2,41,12
NOTRE DAME,LOYOLA CHICAGO,GOOD! FT SHOT by Demetrius Jackson,32,51,FOUL by Julius Rajala (P3T5),2,41,12
NOTRE DAME,LOYOLA CHICAGO,MISSED FT SHOT by Demetrius Jackson,32,51,REBOUND (DEF) by Milton Doyle,2,41,12
NOTRE DAME,LOYOLA CHICAGO,SUB IN : V.J. Beachem,32,51,SUB IN : Donte Ingram,2,41,12
NOTRE DAME,LOYOLA CHICAGO,SUB OUT: Steve Vasturia,32,51,SUB OUT: Julius Rajala,2,41,12
NOTRE DAME,LOYOLA CHICAGO,FOUL by Matt Ryan (P1T2),31,51,,2,41,12
NOTRE DAME,LOYOLA CHICAGO,STEAL by Demetrius Jackson,26,51,TURNOVR by Jeff White,2,41,12
NOTRE DAME,LOYOLA CHICAGO,GOOD! DUNK by Demetrius Jackson [FB/PNT],14,53,,2,41,12
NOTRE DAME,LOYOLA CHICAGO,,56,53,MISSED JUMPER by Devon Turk,2,41,11
NOTRE DAME,LOYOLA CHICAGO,,56,53,REBOUND (OFF) by Donte Ingram,2,41,11
NOTRE DAME,LOYOLA CHICAGO,REBOUND (DEF) by V.J. Beachem,41,53,MISSED 3 PTR by Tyson Smith,2,41,11
NOTRE DAME,LOYOLA CHICAGO,GOOD! 3 PTR by Matt Ryan,24,56,,2,41,11
NOTRE DAME,LOYOLA CHICAGO,ASSIST by Matt Farrell,24,56,,2,41,11
NOTRE DAME,LOYOLA CHICAGO,,17,56,TIMEOUT media,2,41,11
NOTRE DAME,LOYOLA CHICAGO,,17,56,SUB IN : Earl Peterson,2,41,11
NOTRE DAME,LOYOLA CHICAGO,,17,56,SUB IN : Ben Richardson,2,41,11
NOTRE DAME,LOYOLA CHICAGO,,17,56,SUB OUT: Tyson Smith,2,41,11
NOTRE DAME,LOYOLA CHICAGO,,17,56,SUB OUT: Jeff White,2,41,11
NOTRE DAME,LOYOLA CHICAGO,REBOUND (DEF) by Matt Ryan,55,56,MISSED JUMPER by Ben Richardson,2,41,10
NOTRE DAME,LOYOLA CHICAGO,GOOD! 3 PTR by Matt Ryan,37,59,,2,41,10
NOTRE DAME,LOYOLA CHICAGO,ASSIST by V.J. Beachem,37,59,,2,41,10
NOTRE DAME,LOYOLA CHICAGO,REBOUND (DEF) by Bonzie Colson,14,59,MISSED LAYUP by Milton Doyle,2,41,10
NOTRE DAME,LOYOLA CHICAGO,MISSED JUMPER by V.J. Beachem,0,59,REBOUND (DEF) by Donte Ingram,2,41,10
NOTRE DAME,LOYOLA CHICAGO,,40,59,GOOD! LAYUP by Donte Ingram [PNT],2,43,9
NOTRE DAME,LOYOLA CHICAGO,,40,59,ASSIST by Milton Doyle,2,43,9
NOTRE DAME,LOYOLA CHICAGO,GOOD! 3 PTR by Matt Farrell,21,62,,2,43,9
NOTRE DAME,LOYOLA CHICAGO,ASSIST by Demetrius Jackson,21,62,,2,43,9
NOTRE DAME,LOYOLA CHICAGO,REBOUND (DEF) by Bonzie Colson,5,62,MISSED 3 PTR by Devon Turk,2,43,9
NOTRE DAME,LOYOLA CHICAGO,MISSED 3 PTR by Matt Ryan,49,62,,2,43,8
NOTRE DAME,LOYOLA CHICAGO,REBOUND (OFF) by Demetrius Jackson,49,62,,2,43,8
NOTRE DAME,LOYOLA CHICAGO,MISSED LAYUP by Matt Ryan,44,62,BLOCK by Earl Peterson,2,43,8
NOTRE DAME,LOYOLA CHICAGO,,42,62,REBOUND (DEF) by Donte Ingram,2,43,8
NOTRE DAME,LOYOLA CHICAGO,,37,62,TIMEOUT MEDIA,2,43,8
NOTRE DAME,LOYOLA CHICAGO,BLOCK by V.J. Beachem,37,62,MISSED LAYUP by Ben Richardson,2,43,8
NOTRE DAME,LOYOLA CHICAGO,SUB IN : Zach Auguste,37,62,SUB IN : Tyson Smith,2,43,8
NOTRE DAME,LOYOLA CHICAGO,SUB IN : Rex Pflueger,37,62,SUB IN : Jeff White,2,43,8
NOTRE DAME,LOYOLA CHICAGO,SUB IN : Steve Vasturia,37,62,SUB IN : Julius Rajala,2,43,8
NOTRE DAME,LOYOLA CHICAGO,SUB OUT: Demetrius Jackson,37,62,SUB OUT: Devon Turk,2,43,8
NOTRE DAME,LOYOLA CHICAGO,SUB OUT: Bonzie Colson,37,62,SUB OUT: Donte Ingram,2,43,8
NOTRE DAME,LOYOLA CHICAGO,SUB OUT: Matt Ryan,37,62,SUB OUT: Ben Richardson,2,43,8
NOTRE DAME,LOYOLA CHICAGO,,36,62,REBOUND (OFF) by (TEAM),2,43,8
NOTRE DAME,LOYOLA CHICAGO,,20,62,TURNOVR by Earl Peterson,2,43,8
NOTRE DAME,LOYOLA CHICAGO,STEAL by Steve Vasturia,19,62,,2,43,8
NOTRE DAME,LOYOLA CHICAGO,GOOD! DUNK by Zach Auguste [PNT],7,64,,2,43,8
NOTRE DAME,LOYOLA CHICAGO,ASSIST by Matt Farrell,7,64,,2,43,8
NOTRE DAME,LOYOLA CHICAGO,REBOUND (DEF) by Matt Farrell,45,64,MISSED JUMPER by Milton Doyle,2,43,7
NOTRE DAME,LOYOLA CHICAGO,GOOD! LAYUP by Zach Auguste [PNT],23,66,,2,43,7
NOTRE DAME,LOYOLA CHICAGO,,23,66,FOUL by Julius Rajala (P4T6),2,43,7
NOTRE DAME,LOYOLA CHICAGO,TIMEOUT media,23,66,,2,43,7
NOTRE DAME,LOYOLA CHICAGO,MISSED FT SHOT by Zach Auguste,23,66,,2,43,7
NOTRE DAME,LOYOLA CHICAGO,REBOUND (OFF) by V.J. Beachem,23,66,,2,43,7
NOTRE DAME,LOYOLA CHICAGO,SUB IN : Austin Burgett,23,66,SUB IN : Donte Ingram,2,43,7
NOTRE DAME,LOYOLA CHICAGO,SUB OUT: Steve Vasturia,23,66,SUB IN : Maurice Kirby,2,43,7
NOTRE DAME,LOYOLA CHICAGO,,23,66,SUB IN : Ben Richardson,2,43,7
NOTRE DAME,LOYOLA CHICAGO,,23,66,SUB OUT: Earl Peterson,2,43,7
NOTRE DAME,LOYOLA CHICAGO,,23,66,SUB OUT: Julius Rajala,2,43,7
NOTRE DAME,LOYOLA CHICAGO,,23,66,SUB OUT: Milton Doyle,2,43,7
NOTRE DAME,LOYOLA CHICAGO,GOOD! LAYUP by V.J. Beachem [PNT],19,68,,2,43,7
NOTRE DAME,LOYOLA CHICAGO,REBOUND (DEF) by V.J. Beachem,51,68,MISSED JUMPER by Maurice Kirby,2,43,6
NOTRE DAME,LOYOLA CHICAGO,MISSED LAYUP by Matt Farrell,28,68,REBOUND (DEF) by Jeff White,2,43,6
NOTRE DAME,LOYOLA CHICAGO,,16,68,MISSED JUMPER by Donte Ingram,2,43,6
NOTRE DAME,LOYOLA CHICAGO,,16,68,REBOUND (OFF) by Maurice Kirby,2,43,6
NOTRE DAME,LOYOLA CHICAGO,,13,68,GOOD! LAYUP by Maurice Kirby [PNT],2,45,6
NOTRE DAME,LOYOLA CHICAGO,MISSED 3 PTR by V.J. Beachem,57,68,REBOUND (DEF) by Ben Richardson,2,45,5
NOTRE DAME,LOYOLA CHICAGO,,42,68,TURNOVR by Jeff White,2,45,5
NOTRE DAME,LOYOLA CHICAGO,STEAL by V.J. Beachem,40,68,,2,45,5
NOTRE DAME,LOYOLA CHICAGO,GOOD! LAYUP by Rex Pflueger [PNT],36,70,,2,45,5
NOTRE DAME,LOYOLA CHICAGO,ASSIST by V.J. Beachem,36,70,,2,45,5
NOTRE DAME,LOYOLA CHICAGO,,21,70,GOOD! LAYUP by Donte Ingram [PNT],2,47,5
NOTRE DAME,LOYOLA CHICAGO,MISSED LAYUP by Zach Auguste,54,70,,2,47,4
NOTRE DAME,LOYOLA CHICAGO,REBOUND (OFF) by Zach Auguste,54,70,,2,47,4
NOTRE DAME,LOYOLA CHICAGO,TURNOVR by Zach Auguste,51,70,,2,47,4
NOTRE DAME,LOYOLA CHICAGO,SUB IN : Martinas Geben,51,70,SUB IN : Devon Turk,2,47,4
NOTRE DAME,LOYOLA CHICAGO,SUB IN : Matt Ryan,51,70,SUB IN : Milton Doyle,2,47,4
NOTRE DAME,LOYOLA CHICAGO,SUB OUT: Zach Auguste,51,70,SUB IN : Julius Rajala,2,47,4
NOTRE DAME,LOYOLA CHICAGO,SUB OUT: V.J. Beachem,51,70,SUB IN : Earl Peterson,2,47,4
NOTRE DAME,LOYOLA CHICAGO,,51,70,SUB OUT: Donte Ingram,2,47,4
NOTRE DAME,LOYOLA CHICAGO,,51,70,SUB OUT: Jeff White,2,47,4
NOTRE DAME,LOYOLA CHICAGO,,51,70,SUB OUT: Maurice Kirby,2,47,4
NOTRE DAME,LOYOLA CHICAGO,,51,70,SUB OUT: Ben Richardson,2,47,4
NOTRE DAME,LOYOLA CHICAGO,FOUL by Martinas Geben (P1T3),32,70,MISSED FT SHOT by Tyson Smith,2,47,4
NOTRE DAME,LOYOLA CHICAGO,,32,70,REBOUND (OFF) by (DEADBALL),2,47,4
NOTRE DAME,LOYOLA CHICAGO,REBOUND (DEF) by Matt Ryan,32,70,MISSED FT SHOT by Tyson Smith,2,47,4
NOTRE DAME,LOYOLA CHICAGO,SUB IN : Austin Torres,32,70,SUB IN : Donte Ingram,2,47,4
NOTRE DAME,LOYOLA CHICAGO,SUB OUT: Matt Farrell,32,70,SUB IN : Jeff White,2,47,4
NOTRE DAME,LOYOLA CHICAGO,,32,70,SUB OUT: Devon Turk,2,47,4
NOTRE DAME,LOYOLA CHICAGO,,32,70,SUB OUT: Julius Rajala,2,47,4
NOTRE DAME,LOYOLA CHICAGO,TURNOVR by Austin Burgett,18,70,,2,47,4
NOTRE DAME,LOYOLA CHICAGO,,5,70,GOOD! 3 PTR by Tyson Smith,2,50,4
NOTRE DAME,LOYOLA CHICAGO,,5,70,ASSIST by Earl Peterson,2,50,4
NOTRE DAME,LOYOLA CHICAGO,GOOD! 3 PTR by Matt Ryan,46,73,,2,50,3
NOTRE DAME,LOYOLA CHICAGO,ASSIST by Rex Pflueger,46,73,,2,50,3
NOTRE DAME,LOYOLA CHICAGO,,22,73,GOOD! 3 PTR by Milton Doyle,2,53,3
NOTRE DAME,LOYOLA CHICAGO,,22,73,ASSIST by Earl Peterson,2,53,3
NOTRE DAME,LOYOLA CHICAGO,TURNOVR by Austin Torres,6,73,,2,53,3
NOTRE DAME,LOYOLA CHICAGO,,6,73,TIMEOUT media,2,53,3
NOTRE DAME,LOYOLA CHICAGO,,6,73,SUB IN : Pernell Adgei,2,53,3
NOTRE DAME,LOYOLA CHICAGO,,6,73,SUB OUT: Jeff White,2,53,3
NOTRE DAME,LOYOLA CHICAGO,REBOUND (DEF) by Martinas Geben,1,73,MISSED 3 PTR by Tyson Smith,2,53,3
NOTRE DAME,LOYOLA CHICAGO,GOOD! FT SHOT by Martinas Geben,47,74,FOUL by Tyson Smith (P2T7),2,53,2
NOTRE DAME,LOYOLA CHICAGO,GOOD! FT SHOT by Martinas Geben,47,75,,2,53,2
NOTRE DAME,LOYOLA CHICAGO,BLOCK by Austin Torres,35,75,MISSED 3 PTR by Devon Turk,2,53,2
NOTRE DAME,LOYOLA CHICAGO,REBOUND (DEF) by Martinas Geben,33,75,,2,53,2
NOTRE DAME,LOYOLA CHICAGO,GOOD! JUMPER by Austin Torres,23,77,,2,53,2
NOTRE DAME,LOYOLA CHICAGO,FOUL by Austin Torres (P2T4),15,77,,2,53,2
NOTRE DAME,LOYOLA CHICAGO,,15,77,SUB IN : Julius Rajala,2,53,2
NOTRE DAME,LOYOLA CHICAGO,,15,77,SUB IN : Ben Richardson,2,53,2
NOTRE DAME,LOYOLA CHICAGO,,15,77,SUB OUT: Pernell Adgei,2,53,2
NOTRE DAME,LOYOLA CHICAGO,,15,77,SUB OUT: Earl Peterson,2,53,2
NOTRE DAME,LOYOLA CHICAGO,,2,77,GOOD! 3 PTR by Donte Ingram,2,56,2
NOTRE DAME,LOYOLA CHICAGO,,2,77,ASSIST by Ben Richardson,2,56,2
NOTRE DAME,LOYOLA CHICAGO,MISSED FT SHOT by Austin Torres,49,77,FOUL by Tyson Smith (P3T8),2,56,1
NOTRE DAME,LOYOLA CHICAGO,REBOUND (OFF) by (TEAM),49,77,,2,56,1
NOTRE DAME,LOYOLA CHICAGO,SUB IN : Matt Gregory,49,77,SUB IN : Jeff White,2,56,1
NOTRE DAME,LOYOLA CHICAGO,SUB OUT: Matt Ryan,49,77,SUB IN : Pernell Adgei,2,56,1
NOTRE DAME,LOYOLA CHICAGO,,49,77,SUB OUT: Milton Doyle,2,56,1
NOTRE DAME,LOYOLA CHICAGO,,49,77,SUB OUT: Julius Rajala,2,56,1
NOTRE DAME,LOYOLA CHICAGO,TURNOVR by Martinas Geben,45,77,,2,56,1
NOTRE DAME,LOYOLA CHICAGO,,44,77,STEAL by Donte Ingram,2,56,1
NOTRE DAME,LOYOLA CHICAGO,,36,77,GOOD! 3 PTR by Donte Ingram,2,59,1
NOTRE DAME,LOYOLA CHICAGO,,36,77,ASSIST by Ben Richardson,2,59,1
NOTRE DAME,LOYOLA CHICAGO,GOOD! LAYUP by Austin Torres [PNT],18,79,,2,59,1
NOTRE DAME,LOYOLA CHICAGO,ASSIST by Rex Pflueger,18,79,,2,59,1
NOTRE DAME,LOYOLA CHICAGO,,8,79,SUB IN : Cal Kennedy,2,59,1
NOTRE DAME,LOYOLA CHICAGO,,8,79,SUB OUT: Donte Ingram,2,59,1
NOTRE DAME,LOYOLA CHICAGO,,1,79,GOOD! JUMPER by Cal Kennedy,2,61,1
NOTRE DAME,LOYOLA CHICAGO,,1,79,ASSIST by Ben Richardson,2,61,1
NOTRE DAME,LOYOLA CHICAGO,GOOD! LAYUP by Martinas Geben [PNT],36,81,,2,61,0
NOTRE DAME,LOYOLA CHICAGO,REBOUND (DEF) by Rex Pflueger,30,81,MISSED 3 PTR by Tyson Smith,2,61,0
